Ticker,Company_Name,Currency,Data_Date,Industry,Sector,Country,Total_ESG_Score,Environmental_Score,Social_Score,Governance_Score,ESG_Performance,Highest_Controversy,Stock_Price,Current_Price,Market_Cap,PE_Ratio,PB_Ratio,Annual_Return_Pct,Revenue,Net_Income,Operating_Margin_Pct,Gross_Margin_Pct,ROE_Pct,ROA_Pct,Profit_Margin_Pct,EBITDA_Margin_Pct,EPS,Beta,Debt_to_Equity,Current_Ratio,Operating_Cash_Flow,Revenue_Growth_Pct,Status
ADEN.SW,Adecco Group AG,CHF,12/31/24,Staffing & Employment Services,Industrials,Switzerland,8.56,0.04,6.16,2.37,LAG_PERF,2,19.83,23.3,3901254144,14.56,1.22,-14.83,22925000704,290000000,2.2,19.23,8.81,3.16,1.26,3.19,1.6,1.178,116.19,1.03,549000000,-3.42,Success
CFR.SW,Compagnie Financière Richemont SA,CHF,12/31/24,Luxury Goods,Consumer Cyclical,Switzerland,15,3.47,5.72,5.81,LAG_PERF,2,136.79,159.2,93600088064,26.76,4.24,26.44,21398999040,3763000064,20.17,66.91,17.58,6.71,12.86,24.18,5.95,1.318,59.31,2.9,4442999808,3.8,Success
BAER.SW,Julius Bär Gruppe AG,CHF,12/31/24,Asset Management,Financial Services,Switzerland,15.11,0.33,8.54,6.24,LAG_PERF,2,55.81,51.84,10619843584,12.31,1.58,-1.85,3726500096,865400000,24.49,0,13.41,0.85,23.22,,4.21,0.958,,,4391000064,0.78,Success
ABBN.SW,ABB Ltd,CHF,12/31/24,Electrical Equipment & Parts,Industrials,Switzerland,17.37,6.64,7.47,3.26,LAG_PERF,2,49.01,57.94,1.05E+11,29.71,7.05,19.46,34508001280,4451999744,18.43,38.51,30,9.13,12.89,20.12,1.95,0.777,61.45,1.4,5056999936,1.91,Success
HOLN.SW,Holcim AG,CHF,12/31/24,Building Materials,Basic Materials,Switzerland,15.61,10.11,3.48,2.02,LAG_PERF,2,86.25,65.5,36091518976,11.53,2.47,-20.84,26226999296,3163000064,16.11,43.98,15.47,6.43,58.79,23.12,5.68,0.85,64.08,1.49,5015000064,-2.23,Success
BALN.SW,Baloise Holding AG,CHF,12/31/24,Insurance - Diversified,Financial Services,Switzerland,22.41,1.86,13.07,7.48,AVG_PERF,0,159.74,195.1,8848145408,20.09,2.54,13.14,6086400000,440900000,12.37,20.8,12.45,0.55,7.24,11.28,9.71,0.68,68.77,54.63,899900032,-8.59,Success
LOGN.SW,Logitech International S.A.,CHF,12/31/24,Computer Hardware,Technology,Switzerland,9.51,2.12,5.43,1.96,LAG_PERF,2,77.42,85.12,12537868288,25.33,5.74,13.48,4614386176,635710976,14.43,43.01,28.66,11.42,13.78,16.44,3.36,0.664,4.28,2.27,791572992,5.97,Success
CLN.SW,Clariant AG,CHF,12/31/24,Specialty Chemicals,Basic Materials,Switzerland,22.23,14.4,4.61,3.22,AVG_PERF,2,9.5,7.145,2345600512,21.01,1.23,-42.07,4063000064,113000000,0.96,27.81,6.68,1.81,2.78,9.35,0.34,0.552,98.51,1.36,422000000,-5.14,Success
ZURN.SW,Zurich Insurance Group AG,CHF,12/31/24,Insurance - Diversified,Financial Services,Switzerland,14.75,0,9.5,5.25,LAG_PERF,2,512.94,550.6,78342332416,16.9,3.18,5.95,69708996608,5853000192,13.79,22.06,24.09,1.47,8.4,12.67,32.58,0.578,59.77,19.39,6832000000,10.18,Success
UHR.SW,The Swatch Group AG,CHF,12/31/24,Luxury Goods,Consumer Cyclical,Switzerland,22.75,4.29,9.83,8.63,AVG_PERF,2,152.68,170.95,8900395008,144.87,0.73,1.4,6349000192,60000000,2.22,82.55,0.75,0.77,0.95,8.6,1.18,0.83,1.6,8.41,423000000,-14.62,Success
SLHN.SW,Swiss Life Holding AG,CHF,12/31/24,Insurance - Diversified,Financial Services,Switzerland,15.79,0.35,9.24,6.2,LAG_PERF,1,682.08,850.8,24272193536,20.52,3.68,20.32,11644000256,1180000000,15.46,34.6,16.65,0.52,10.22,15.55,41.46,0.908,223.06,15.42,1699000064,6.02,Success
NOVN.SW,Novartis AG,CHF,12/31/24,Drug Manufacturers - General,Healthcare,Switzerland,10.93,2.11,6.23,2.59,LAG_PERF,2,88.48,103.18,2.00E+11,18.76,4.76,3.33,55186001920,13653999616,36.83,76.28,32.49,11.88,24.74,42.68,5.5,0.569,77.61,0.82,20788000768,10.85,Success
NESN.SW,Nestlé S.A.,CHF,12/31/24,Packaged Foods,Consumer Defensive,Switzerland,17.04,10.33,4.54,2.17,LAG_PERF,3,72.52,83.05,2.14E+11,20.76,7.41,-3.22,90898997248,10305000448,16.07,46.66,33.76,7.02,11.34,19.32,4,0.424,225.85,0.71,14577000448,-1.75,Success
SREN.SW,Swiss Re AG,CHF,12/31/24,Insurance - Reinsurance,Financial Services,Switzerland,13.65,0.74,7.46,5.45,LAG_PERF,2,126.35,144.55,42507952128,14.38,1.88,26.71,43868000256,3716000000,17.78,15.41,16.12,2.31,8.55,11.22,10.05,0.68,40.64,2.05,3622000128,7.13,Success
ROG.SW,Roche Holding AG,CHF,12/31/24,Drug Manufacturers - General,Healthcare,Switzerland,21.14,3.58,12.79,4.78,AVG_PERF,2,263.1,280.9,2.25E+11,23.95,7.8,4.39,63488000000,9429000192,36.14,74.79,31.32,13.3,14.85,36.9,11.73,0.179,104.81,1.29,19279998976,3.23,Success
LONN.SW,Lonza Group AG,CHF,12/31/24,Diagnostics & Research,Healthcare,Switzerland,15.81,1.35,10.39,4.07,LAG_PERF,2,552.93,546.2,38313500672,52.72,4.44,-0.69,7093000192,733000000,17.25,36.47,8.1,4.41,10.33,27.42,10.36,0.808,53.18,1.46,1147000064,-2.13,Success
SCMN.SW,Swisscom AG,CHF,12/31/24,Telecom Services,Communication Services,Switzerland,17.16,3.34,8.95,4.87,LAG_PERF,2,489.47,591,30614949888,22.96,2.64,4.16,13036000256,1332000000,11.58,53.9,11.48,3.64,10.22,30.45,25.74,0.279,147.45,0.74,4860000256,-0.33,Success
SGSN.SW,SGS SA,CHF,12/31/24,Consulting Services,Industrials,Switzerland,14.52,0.1,11.83,2.6,LAG_PERF,2,89.77,86.84,16809238528,27.31,26.22,-9.82,6880999936,628000000,13.33,43.95,94.41,8.54,9.13,17.9,3.18,0.59,610.5,1.13,1248999936,2.6,Success
KURN.SW,Kuros Biosciences AG,CHF,12/31/24,Medical Devices,Healthcare,Switzerland,,,,,,,23.45,32.4,1250314496,,17.02,37.64,103351000,-5898000,5.52,88.71,-8.62,2.57,-5.87,5.64,-0.15,0.602,2.34,2.25,820000,125.11,Success
OERL.SW,Error,,12/31/24,,,,,,,,,,,,,,,,,,,,,,,,,,,,,,Error: type str doesn't define __round__ method
GEBN.SW,Geberit AG,CHF,12/31/24,Building Products & Equipment,Industrials,Switzerland,15.33,7.35,3.19,4.79,LAG_PERF,0,491.12,599.8,19770816512,33.87,16.55,14.31,3112600064,585400000,26.93,73.26,49.39,13.65,18.81,29.08,17.71,0.926,114.94,1.3,866400000,0.05,Success
AMS.SW,ams-OSRAM AG,CHF,12/31/24,Semiconductors,Technology,Austria,17.61,9.36,5.55,2.7,LAG_PERF,0,6.32,10.74,1069422400,,1.08,8.78,3358000128,-116000000,8.52,28.47,-10.35,1.93,-3.45,-0.18,-1.08,1.449,265,1.04,359000000,-4.51,Success
BEAN.SW,BELIMO Holding AG,CHF,12/31/24,Building Products & Equipment,Industrials,Switzerland,27.86,11.32,8.79,7.75,AVG_PERF,0,606.24,797.5,9809154048,57.46,18.08,39.98,1031838016,170800992,22.81,61.63,32.4,18.85,16.55,23.73,13.88,0.978,4.75,2.38,202675008,9.91,Success
BUCN.SW,Bucher Industries AG,CHF,12/31/24,Specialty Industrial Machinery,Industrials,Switzerland,26.1,12.42,8.67,5.01,AVG_PERF,0,315.03,372,3803113984,16.87,2.11,2.17,2968800000,225500000,11.58,50.17,12.34,6.17,7.6,12.5,22.05,0.955,2.44,2.36,413500000,-11.73,Success
RIEN.SW,Rieter Holding AG,CHF,12/31/24,Specialty Industrial Machinery,Industrials,Switzerland,26.72,,,,AVG_PERF,1,88.3,3.375,129469264,,0.04,-96.56,774300032,-11300000,-5.38,28.97,-3,-0.05,-1.46,5.51,-0.29,1.166,110.83,1,-20600000,-39.44,Success
ALLN.SW,Allreal Holding AG,CHF,12/31/24,Real Estate Services,Real Estate,Switzerland,19.32,4.08,7.22,8.02,LAG_PERF,0,161.48,186.4,3078292736,11.79,1.16,16.5,427600000,261000000,44.14,55.33,10.16,1.95,61.04,43.36,15.81,0.443,104.56,0.8,101100000,-1.94,Success
FHZN.SW,Flughafen Zürich AG,CHF,12/31/24,Airports & Air Services,Industrials,Switzerland,21.43,4.77,9.92,6.74,AVG_PERF,0,213.17,238.4,7318886912,21.79,2.48,16.68,1335900032,336200000,32.64,64.63,11.63,5.43,25.17,55.23,10.94,0.817,56.21,1.91,673500032,7.29,Success
KOMN.SW,Komax Holding AG,CHF,12/31/24,Specialty Industrial Machinery,Industrials,Switzerland,26.22,,,,AVG_PERF,0,115.2,62.3,319211296,,1.23,-45.49,582446976,-10331000,2.22,59.9,-2.43,1.01,-1.77,4.23,-1.8,0.572,49.15,2.78,42516000,-17.37,Success
IFCN.SW,INFICON Holding AG,CHF,12/31/24,Scientific & Technical Instruments,Technology,Switzerland,15.6,6.92,3.79,4.89,LAG_PERF,0,104.71,96.8,2366059264,28.39,6.16,-9.89,675483008,103874000,17.56,46.52,29.23,14.58,15.38,21.64,3.41,1.21,26.84,2.16,111787000,-0.41,Success
MOBN.SW,Mobimo Holding AG,CHF,12/31/24,Real Estate Services,Real Estate,Switzerland,13.46,,,,LAG_PERF,0,286.94,330.5,2460054528,14.16,1.22,19.68,306152992,169338000,45.91,60.66,8.87,2.24,55.31,47.06,23.34,0.396,90.94,0.78,96317000,9.37,Success
ASCN.SW,Ascom Holding AG,CHF,12/31/24,Health Information Services,Healthcare,Switzerland,,,,,,,4.08,3.72,133618176,46.5,1.89,-27.7,284600000,3000000,3.57,46.84,4.12,2.75,1.05,5.41,0.08,1.065,,1.56,29900000,-3.57,Success
DOKA.SW,dormakaba Holding AG,CHF,12/31/24,Building Products & Equipment,Industrials,Switzerland,20.91,,,,AVG_PERF,0,650,675,2807117824,29.12,10.13,5.95,2870099968,97900000,11.98,40.95,50.56,9.77,3.41,13.92,23.18,0.94,199.45,1.46,264500000,1.16,Success
TECN.SW,Tecan Group AG,CHF,12/31/24,Medical Instruments & Supplies,Healthcare,Switzerland,11.78,1.41,4.72,5.65,LAG_PERF,0,218.94,145.2,1844054400,29.33,1.44,-39.71,906595968,63127000,5.27,35.19,4.7,2.06,6.96,11.53,4.95,0.967,25.12,1.61,165078000,-13.04,Success
BOSN.SW,Bossard Holding AG,CHF,12/31/24,Industrial Distribution,Industrials,Switzerland,18.82,,,,LAG_PERF,0,182.89,168,1294768640,20.07,3.39,-19.06,1024904000,68443000,10.13,32.76,19.01,6.97,6.68,11.43,8.37,1.063,111.83,2.71,95242000,-7.72,Success
VONN.SW,Vontobel Holding AG,CHF,12/31/24,Asset Management,Financial Services,Switzerland,13.72,,,,LAG_PERF,2,62.13,58.5,3294424576,13.3,1.47,4.88,1383000064,251300000,21.49,0,11.43,0.73,18.17,,4.4,0.816,,,213600000,8.42,Success
EMMN.SW,Emmi AG,CHF,12/31/24,Packaged Foods,Consumer Defensive,Switzerland,35.67,17.02,12.06,6.59,LEAD_PERF,0,718.47,736,3937460224,18.47,4.1,-15.22,4604054016,213147008,6.4,38.87,18.03,6.29,4.63,9.8,39.84,0.386,121.03,1.97,395574016,2.51,Success
EMSN.SW,EMS-CHEMIE HOLDING AG,CHF,12/31/24,Specialty Chemicals,Basic Materials,Switzerland,32.57,15.32,9.23,8.03,LEAD_PERF,1,603.21,564,13191411712,28.56,6.36,-17.85,2023602048,461838016,29.05,47.08,22.61,13.92,22.82,29.25,19.75,0.677,1.18,6.75,478855008,-5.4,Success
EVE.SW,EvoNext Holdings SA,CHF,12/31/24,Biotechnology,Healthcare,Switzerland,46.48,,,,LEAD_PERF,0,1.16,0.818,5899049,,0.95,-4.01,,-850900,0,0,-12.78,-7.39,0,,-0.12,-0.116,,8.34,-1028700,-100,Success
IMPN.SW,Implenia AG,CHF,12/31/24,Engineering & Construction,Industrials,Switzerland,28.07,11.35,12.6,4.12,AVG_PERF,0,30.1,64.6,1190372224,12.01,1.81,102.79,3673862912,99173000,1.82,43.41,15.88,1.93,2.7,4.8,5.38,0.719,142.03,1.06,76927000,-1.03,Success
SCHN.SW,Schindler Holding AG,CHF,12/31/24,Specialty Industrial Machinery,Industrials,Switzerland,25.07,9.86,8.84,6.36,AVG_PERF,1,241.18,284,31059884032,31,6.21,13.29,11130000384,987000000,12.56,73.28,22.3,7.14,8.87,13.36,9.16,0.717,14.87,1.39,1622000000,-2.24,Success
DAE.SW,Dätwyler Holding AG,CHF,12/31/24,Industrial Distribution,Industrials,Switzerland,21.8,,,,AVG_PERF,0,132.28,141.8,2410599936,79.22,7.29,-5.7,1098200064,30400000,12.24,21.94,8.55,6.59,2.77,17.3,1.79,1.121,166.21,3.02,175700000,-3.8,Success
KARN.SW,Kardex Holding AG,CHF,12/31/24,Specialty Industrial Machinery,Industrials,Switzerland,27.41,,,,AVG_PERF,0,282.48,286.5,2209810432,30.25,8.42,4.86,837200000,78700000,11.76,34.81,31.17,13.73,9.4,13.15,9.47,1.289,,1.69,73000000,12.56,Success
ARBN.SW,Arbonia AG,CHF,12/31/24,Building Products & Equipment,Industrials,Switzerland,30.79,,,,LEAD_PERF,0,5.45,5.25,364413120,,0.49,-57.35,600928000,-22621000,0.36,61.2,-2.59,-1.45,19.95,2.13,-0.32,1.075,20.97,0.9,13168000,10.25,Success
ZEHN.SW,Zehnder Group AG,CHF,12/31/24,Building Products & Equipment,Industrials,Switzerland,22.81,,,,AVG_PERF,0,43.3,69,767938368,46,3.26,34.16,746300032,18100000,8.51,64.81,4.81,7.51,2.42,11.16,1.5,1.288,23.48,1.76,69200000,-7.39,Success
COPN.SW,Cosmo Pharmaceuticals N.V.,CHF,12/31/24,Drug Manufacturers - General,Healthcare,Ireland,29.37,5.59,15.38,8.4,AVG_PERF,0,62.31,64.2,1023278912,19.34,2.22,-10.99,182271008,59991000,-2.73,73.79,12.34,6.88,32.91,44.14,3.32,1.278,0.58,3.84,73503000,187.55,Success
BION.SW,BB Biotech AG,CHF,12/31/24,Biotechnology,Healthcare,Switzerland,30.75,,,,UNDER_PERF,,34.32,37.65,2056640640,,1.12,3.75,-80803000,-438687008,-1541.06,0,-20.75,-2.97,0,,-8.02,0.787,,758.29,435732000,141.25,Success
SIKA.SW,Sika AG,CHF,12/31/24,Specialty Chemicals,Basic Materials,Switzerland,21.79,12.14,5.53,4.13,AVG_PERF,2,213.76,174,27917344768,22.8,4.52,-30.76,11604700160,1223399936,14.08,54.52,19.42,6.75,10.54,18.24,7.63,0.978,100.47,1.66,1546200064,4.67,Success
SPSN.SW,Swiss Prime Site AG,CHF,12/31/24,Real Estate - Diversified,Real Estate,Switzerland,11.68,3.91,3.37,4.4,LAG_PERF,0,97.82,112.7,9042244608,24.5,1.32,17.6,629001984,359768992,71.91,82.81,5.4,1.86,57.2,66.85,4.6,0.458,82.95,0.2,359231008,0.89,Success
BARN.SW,Barry Callebaut AG,CHF,12/31/24,Confectioners,Consumer Defensive,Switzerland,30.83,14.51,12.39,3.93,LEAD_PERF,2,1131,1194,6543852032,45.54,2.4,-23.21,13030347776,143911008,3.53,10.55,5.15,3.94,1.1,8.05,26.22,0.213,283.86,1.45,-3061947904,22.62,Success
LISN.SW,Chocoladefabriken Lindt & Sprüngli AG,CHF,12/31/24,Confectioners,Consumer Defensive,Switzerland,20.21,10.44,6.02,3.76,AVG_PERF,2,97134.13,130600,30221623296,47.25,6.32,22.2,5700599808,643200000,10.94,64.86,14.15,6.61,11.28,18.6,2764.1,0.464,35.59,1.71,781900032,5.14,Success
HELN.SW,Helvetia Holding AG,CHF,12/31/24,Insurance - Diversified,Financial Services,Switzerland,22.46,1.61,10.67,10.18,AVG_PERF,0,149.59,194,10262498304,19.02,2.94,28.23,9663899648,539418752,9.45,19.61,13.4,0.98,5.65,11.03,10.2,0.678,56.9,8.27,619699968,7.06,Success
PSPN.SW,PSP Swiss Property AG,CHF,12/31/24,Real Estate Services,Real Estate,Switzerland,14.02,4.02,3.27,6.73,LAG_PERF,0,127.56,138.1,6334355968,15.33,1.17,9.32,350512992,412960000,84.47,93.32,7.77,1.89,117.82,85.84,9.01,0.406,65.31,0.41,226574000,-0.05,Success
PGHN.SW,Partners Group Holding AG,CHF,12/31/24,Asset Management,Financial Services,Switzerland,21.75,1.14,11.55,9.06,AVG_PERF,2,1280.57,956.6,24812544000,20.85,14.78,-22.3,2321799936,1197900032,59.84,68.4,63.76,15.9,51.59,61.5,45.89,1.185,181.12,1.5,767400000,8.71,Success
SCHP.SW,Schindler Holding AG,CHF,12/31/24,Specialty Industrial Machinery,Industrials,Switzerland,25.07,9.86,8.84,6.36,AVG_PERF,1,244.99,297.4,31015358464,32.47,6.51,15.15,11130000384,987000000,12.56,73.28,22.3,7.14,8.87,13.36,9.16,0.717,14.87,1.39,1622000000,-2.24,Success
KNIN.SW,Kuehne + Nagel International AG,CHF,12/31/24,Integrated Freight & Logistics,Industrials,Switzerland,18.33,3.92,9.08,5.33,LAG_PERF,0,193.89,152.8,18142054400,15.79,9.45,-31.88,25727000576,1151000064,5.56,34.29,53.38,8.8,4.47,7.22,9.68,0.763,173.95,0.86,1724999936,4,Success
SUN.SW,Sulzer Ltd,CHF,12/31/24,Specialty Industrial Machinery,Industrials,Switzerland,29.37,13.52,10.24,5.62,AVG_PERF,2,132.79,127.4,4297534464,15.94,3.8,-6.4,3575200000,272800000,11.34,33.44,24.12,5.6,7.63,13.73,7.99,1.291,101,1.23,305600000,7.58,Success
ARYN.SW,ARYZTA AG,CHF,12/31/24,Packaged Foods,Consumer Defensive,Switzerland,27.12,,,,AVG_PERF,1,64.8,51.25,1267570816,13.11,2.56,-23.89,2225700096,105000000,7.58,20.85,19.41,6.15,5.42,11.15,3.91,1.051,162.78,0.65,260700000,3.36,Success
DKSH.SW,DKSH Holding AG,CHF,12/31/24,Consulting Services,Industrials,Switzerland,13.35,2.62,7.76,2.97,LAG_PERF,0,66.26,55,3573448960,18.33,2.17,-13.73,11189600256,195400000,3.01,8.15,11.64,3.87,1.75,3.47,3,0.402,43.14,1.34,322500000,0.25,Success
GF.SW,Georg Fischer AG,CHF,12/31/24,Specialty Industrial Machinery,Industrials,Switzerland,22.4,7.25,10.5,4.65,AVG_PERF,2,66.76,57.35,4699315712,19.38,26.44,4.42,3740000000,242000000,12.11,41.31,163.7,6.7,7.41,15.72,2.96,1.162,899.13,1.47,371000000,23.99,Success
SOON.SW,Sonova Holding AG,CHF,12/31/24,Medical Devices,Healthcare,Switzerland,14.27,1.97,7.96,4.34,LAG_PERF,1,293.79,215.9,12869363712,23.86,4.83,-32.38,3865400064,540499968,22.32,72.43,21.13,8,13.98,22.82,9.05,1.052,65.58,1.27,793699968,6.58,Success
VATN.SW,Valiant Holding AG,CHF,12/31/24,Banks - Regional,Financial Services,Switzerland,28.33,,,,AVG_PERF,0,103.46,127,2005642496,13.15,0.75,26.13,549249024,152503008,36.78,0,5.8,0.41,27.77,,9.66,0.299,,,,0.19,Success
GAM.SW,GAM Holding AG,CHF,12/31/24,Asset Management,Financial Services,Switzerland,,,,,,,0.09,0.1535,165473264,,2.4,-11.29,62500000,-72500000,-124.51,-9.6,-134.01,-22.25,-116,-98.4,-0.14,1.711,52.03,2.3,-67500000,-58.27,Success
LMN.SW,lastminute.com N.V.,CHF,12/31/24,Travel Services,Consumer Cyclical,Netherlands,,,,,,,16.08,14.4,152750528,12.31,2.94,-19.07,332203008,13457000,4.3,76.3,27.38,2.42,4.05,8.21,1.17,1.816,89.42,0.66,12575000,-1.47,Success
MOLN.SW,Molecular Partners AG,CHF,12/31/24,Biotechnology,Healthcare,Switzerland,,,,,,,4.64,2.82,105446440,,0.99,-35.96,681000,-64803000,-8843.47,0,-49.42,-25.53,0,-8713.51,-1.79,0.428,1.72,9.35,-56657000,-29.38,Success
LISP.SW,Chocoladefabriken Lindt & Sprüngli AG,CHF,12/31/24,Confectioners,Consumer Defensive,Switzerland,,,,,,,9713.18,13270,30337050624,47.88,0.64,21.99,5700599808,643200000,10.94,64.86,14.15,6.61,11.28,18.6,277.13,0.464,35.59,1.71,781900032,5.14,Success
UHRN.SW,The Swatch Group AG,CHF,12/31/24,Luxury Goods,Consumer Cyclical,Switzerland,,,,,,,29.67,34.56,8882024448,144,0.15,3.82,6349000192,60000000,2.22,82.55,0.75,0.77,0.95,8.6,0.24,0.83,1.6,8.41,423000000,-14.62,Success
UBSG.SW,UBS Group AG,CHF,12/31/24,Banks - Diversified,Financial Services,Switzerland,14.2,0.39,8.97,4.85,LAG_PERF,4,29.2,30.16,95582347264,19.97,1.07,9.94,47011000320,6281999872,26.91,0,7.26,0.39,13.36,,1.51,0.916,,,19434000384,16.69,Success
SFSN.SW,SFS Group AG,CHF,12/31/24,Tools & Accessories,Industrials,Switzerland,33.14,13.2,11.21,8.74,LEAD_PERF,0,116.74,106.6,4143072000,17.56,2.79,-15.81,3053600000,236000000,10.46,58.21,16.02,8.09,7.73,14.91,6.07,0.881,32.32,2.79,394900000,-1.3,Success
BELL.SW,Bell Food Group AG,CHF,12/31/24,Packaged Foods,Consumer Defensive,Switzerland,35.4,,,,LEAD_PERF,0,264.15,237,1486335488,11.99,0.93,-10.67,4814900224,124100000,2.75,34.66,7.93,3.33,2.58,7.19,19.77,0.343,65.38,1.95,283800000,4.74,Success
ADVN.SW,Adval Tech Holding AG,CHF,12/31/24,Metal Fabrication,Industrials,Switzerland,,,,,,,79,40.2,29346000,,0.29,-49.75,154919008,-9213000,-2.76,43.9,-8.58,-1.7,-5.95,1.17,-12.61,0.047,6.59,2.31,-525000,-2.48,Success
ADXN.SW,Addex Therapeutics Ltd,CHF,12/31/24,Biotechnology,Healthcare,Switzerland,,,,,,,0.06,0.0572,6363378,,0.88,-19.14,167285,-6149178,-2014.84,-294.77,-61.91,-13.55,0,-1390.07,-0.06,1.775,0.53,2.31,-1440687,-74.95,Success
AEVS.SW,Aevis Victoria SA,CHF,12/31/24,Medical Care Facilities,Healthcare,Switzerland,,,,,,,14.2,13.3,1122710656,443.33,2.09,-6.12,955955008,2087000,1.65,25.12,-0.7,-0.92,0.22,3.59,0.03,-0.136,162.61,0.79,71566000,6.04,Success
AIRE.SW,Airesis SA,CHF,12/31/24,Leisure,Consumer Cyclical,Switzerland,,,,,,,0.05,0.021,1300799,,-0.03,-82.14,137636000,-34223000,-21.31,49.49,,-12.84,-24.87,-19.36,-0.55,0.608,,0.68,-7723000,-19.17,Success
ALSN.SW,ALSO Holding AG,CHF,12/31/24,Electronics & Computer Distribution,Technology,Switzerland,9.39,,,,LAG_PERF,0,224.03,231,2830248192,26.49,2.45,-9.02,11152930816,116360000,1.57,6.89,10.47,3.37,1.04,2.11,8.72,0.878,31.63,1.15,-30429000,-4.56,Success
APGN.SW,APG|SGA SA,CHF,12/31/24,Advertising Agencies,Communication Services,Switzerland,,,,,,,193.54,208,623384320,20.39,10.68,5.45,326688992,30558000,9.79,22.93,49.96,13.38,9.35,13,10.2,0.545,,0.92,35373000,0.4,Success
AUTN.SW,Autoneum Holding AG,CHF,12/31/24,Auto Parts,Consumer Cyclical,Switzerland,13.16,,,,LAG_PERF,0,118.12,155.4,900122624,16.76,1.94,34.95,2297999872,53800000,4.29,53.24,12.77,3.04,2.34,7.47,9.27,1.972,101.8,1.1,190700000,1.58,Success
BANB.SW,Bachem Holding AG,CHF,12/31/24,Chemicals,Basic Materials,Switzerland,19.77,1.52,11.2,7.05,LAG_PERF,0,58.02,55,4123786496,30.73,3.02,-19.19,677932992,134192000,21.38,31.23,10.07,5.66,19.79,29.46,1.79,0.835,4.47,2.44,143920992,4.84,Success
BBN.SW,Bellevue Group AG,CHF,12/31/24,Asset Management,Financial Services,Switzerland,,,,,,,13.1,9.1,120779520,65,1.07,-43.21,58839000,1914000,2.31,100,1.67,1.34,3.25,,0.14,0.964,16.5,3.25,18938000,-15.79,Success
BCGE.SW,Banque Cantonale de Genève SA,CHF,12/31/24,Banks - Regional,Financial Services,Switzerland,22.99,,,,AVG_PERF,2,25.72,25.1,1787438336,9.16,0.76,-3.08,537075968,197176992,42.12,0,8.5,0.6,36.71,,2.74,-0.022,,,,-0.52,Success
BCHN.SW,Burckhardt Compression Holding AG,CHF,12/31/24,Specialty Industrial Machinery,Industrials,Switzerland,23.13,,,,AVG_PERF,0,662.26,563,1902451328,18.03,5.6,-10.59,1095600000,105585000,14.35,27.96,33.19,8.2,9.64,15.89,31.23,0.913,47.87,1.5,212808992,12.63,Success
BCJ.SW,Banque Cantonale du Jura SA,CHF,12/31/24,Banks - Regional,Financial Services,Switzerland,35.71,,,,LEAD_PERF,0,55.86,63,188577968,15.59,0.58,13.27,68515000,12113000,31.27,0,3.76,0.27,17.68,,4.04,0.169,,,,5.14,Success
BEKN.SW,Berner Kantonalbank AG,CHF,12/31/24,Banks - Regional,Financial Services,Switzerland,27.41,,,,AVG_PERF,0,228.16,258,2386897152,13.51,0.8,9.36,555790976,181704000,38.07,0,6.16,0.45,32.69,,19.1,0.133,,,,4.97,Success
BKW.SW,BKW AG,CHF,12/31/24,Utilities - Renewable,Utilities,Switzerland,37.35,15.4,16.75,5.2,LEAD_PERF,0,152.51,180.3,9512807424,20.68,1.84,15.81,4552099840,459300000,13.38,49.75,8.95,3.59,10.09,19.12,8.72,0.242,33.64,1.38,730099968,6.44,Success
BLKB.SW,Basellandschaftliche Kantonalbank,CHF,12/31/24,Banks - Regional,Financial Services,Switzerland,28.3,,,,AVG_PERF,0,839.43,934,526085760,7.24,0.68,10.61,487246016,201028000,41.6,0,6.59,0.54,41.26,,129.07,0.021,,,,3.85,Success
BRKN.SW,Burkhalter Holding AG,CHF,12/31/24,Engineering & Construction,Industrials,Switzerland,35.91,,,,LEAD_PERF,0,90.32,139.2,1477431168,25.45,14.39,50.27,1188723968,57841000,5.19,67.16,56.77,9.07,4.87,6.49,5.47,0.502,69.72,1.22,87197000,-0.28,Success
BSKP.SW,Basler Kantonalbank,CHF,12/31/24,Banks - Regional,Financial Services,Switzerland,16.6,0.7,6.93,8.97,LAG_PERF,2,67.59,80.2,408997536,15.79,0.74,22.02,673571008,191712992,28.02,0,4.29,0.35,28.46,,5.08,0.094,,,,-1.42,Success
BSLN.SW,Basilea Pharmaceutica AG,CHF,12/31/24,Biotechnology,Healthcare,Switzerland,36.08,,,,LEAD_PERF,0,42.85,48.1,590113088,8.78,5.73,7.24,236210000,72658000,23.45,46.39,121.15,21.88,30.76,33.05,5.48,0.62,93.83,6.32,79499000,32.3,Success
BVZN.SW,BVZ Holding AG,CHF,12/31/24,Railroads,Industrials,Switzerland,,,,,,,853.25,1050,207141904,8.33,0.86,16.02,212237648,24869702,16.36,34.21,10.52,3.24,11.72,32.82,126.11,0.205,147.52,1.85,54029472,1.2,Success
CALN.SW,CALIDA Holding AG,CHF,12/31/24,Apparel Manufacturing,Consumer Cyclical,Switzerland,14.61,1.36,8.25,5,LAG_PERF,0,22.05,13.66,95462264,,1.08,-50.74,222208000,-534000,-0.73,73.46,-0.45,1.09,6.82,4.05,-0.11,0.617,36.42,1.58,17641000,-10.06,Success
CFT.SW,Compagnie Financière Tradition SA,CHF,12/31/24,Capital Markets,Financial Services,Switzerland,35.67,,,,LEAD_PERF,0,185.54,287,2198631680,18.35,4.89,84.91,1085879040,125786000,14.52,100,28.79,8.58,11.58,,15.64,0.167,75.04,1.27,143591008,7.05,Success
CICN.SW,Cicor Technologies Ltd.,CHF,12/31/24,Electronic Components,Technology,Switzerland,15.44,,,,LAG_PERF,0,59.2,192.5,839298816,36.32,5.62,264.81,530284000,23845000,5.49,48.59,16.98,5.24,4.5,11.24,5.3,0.364,81.51,1.55,63811000,23.33,Success
CIE.SW,Compagnie Internationale pour la Communication,CHF,12/31/24,N/A,N/A,N/A,,,,,,,0.79,0.161,104650,,-0.01,,,,,,,,,,,,,,,,Success
CLTN.SW,COLTENE Holding AG,CHF,12/31/24,Medical Instruments & Supplies,Healthcare,Switzerland,22.85,,,,AVG_PERF,0,48.58,45.5,271880288,18.96,3.01,-11.51,240708992,14314000,6.38,66.11,15.03,7.29,5.95,11.14,2.4,0.734,56.4,1.47,13679000,3.06,Success
CMBN.SW,Cembra Money Bank AG,CHF,12/31/24,Banks - Regional,Financial Services,Switzerland,11.22,0.14,6.2,4.88,LAG_PERF,0,82.57,89.25,2614497280,14.63,2.1,13.01,479432992,179278000,46.03,0,14.6,2.21,37.39,,6.1,0.248,,,159906000,6.74,Success
BYS.SW,Bystronic AG,CHF,12/31/24,Specialty Industrial Machinery,Industrials,Switzerland,34.84,,,,LEAD_PERF,1,327.71,283,584491776,,0.92,-13.72,622000000,-59700000,-2.63,56.88,-9.18,-2.07,-9.6,-2.83,-28.81,1.138,0.28,2.8,14400000,-30.3,Success
COTN.SW,Comet Holding AG,CHF,12/31/24,Scientific & Technical Instruments,Technology,Switzerland,9.88,,,,LAG_PERF,0,256.12,190.4,1480163072,37.93,4.81,-26.48,483200992,38922000,4.39,42.37,12.82,5.79,8.05,12.39,5.02,1.742,30.3,1.9,50654000,12.05,Success
CPHN.SW,CPH Group AG,CHF,12/31/24,Paper & Paper Products,Basic Materials,Switzerland,,,,,,,79.58,70.6,423162272,13.93,2.14,1.43,322342016,30426000,12.45,44.47,15.32,6.63,9.44,16.28,5.07,0.167,28.18,1.64,26646000,-28.23,Success
DESN.SW,Dottikon ES Holding AG,CHF,12/31/24,Chemicals,Basic Materials,Switzerland,25.64,,,,AVG_PERF,0,219,304.5,4206969600,39.86,4.24,24.11,392680000,105578000,36.77,64.38,11.24,6.02,26.89,36.7,7.64,1.384,13.1,2.67,95667000,18.07,Success
AVOL.SW,Avolta AG,CHF,12/31/24,Specialty Retail,Consumer Cyclical,Switzerland,14.04,2.84,6.39,4.81,LAG_PERF,1,35.34,41.32,5996593152,51.65,3.21,21.23,13996000256,118000000,7.14,62.78,12.14,3.9,0.84,11.96,0.8,1.449,599.85,0.77,2828999936,7.31,Success
EFGN.SW,EFG International AG,CHF,12/31/24,Banks - Diversified,Financial Services,Switzerland,18.58,,,,LAG_PERF,2,12.63,15.72,4706277888,13.67,2.03,35.83,1547200000,361200000,29.33,0,16.57,0.96,24.56,,1.15,0.234,,,-4749700096,4.75,Success
ESUN.SW,Edisun Power Europe AG,CHF,12/31/24,Utilities - Renewable,Utilities,Switzerland,,,,,,,41.8,51.6,59181636,41.95,0.57,14.54,50890000,1130000,20.95,42.37,1.09,1.65,2.22,31.03,1.23,0.802,227.25,15.53,3469000,194.96,Success
FORN.SW,Forbo Holding AG,CHF,12/31/24,Building Products & Equipment,Industrials,Switzerland,26.56,,,,AVG_PERF,1,727.49,721,1017044736,12.69,1.67,-18.94,1098599936,80100000,7.84,33.82,13.28,6.62,7.29,11.85,56.8,0.732,9.63,2.58,99400000,-4.53,Success
FTON.SW,Feintool International Holding AG,CHF,12/31/24,Specialty Industrial Machinery,Industrials,Switzerland,17.7,3.88,5.36,8.46,LAG_PERF,0,13.65,9.4,138418448,,0.32,-46.24,664067008,-46508000,-0.58,44.82,-9.99,-3.34,-7,1.38,-3.16,0.826,31.03,1.46,60820000,-15.11,Success
GAV.SW,Carlo Gavazzi Holding AG,CHF,12/31/24,Electrical Equipment & Parts,Industrials,Switzerland,,,,,,,192,158,112292176,27.62,0.83,-29.78,130485000,4063000,5.44,54.68,2.96,2.43,3.11,7.32,5.72,0.566,5.09,4.82,19596000,-24.23,Success
GMI.SW,Groupe Minoteries SA,CHF,12/31/24,Farm Products,Consumer Defensive,Switzerland,,,,,,,259.64,222,73260000,13.74,0.63,-6.72,142999008,5334000,4.03,30.41,4.64,2.29,3.73,7.34,16.16,-0.078,15.48,3.73,8206000,-2.12,Success
GRKP.SW,Graubündner Kantonalbank,CHF,12/31/24,Banks - Regional,Financial Services,Switzerland,25.52,,,,AVG_PERF,0,1733.03,1725,1277343488,6.31,1.46,-3.36,518600992,202607008,48.21,0,7.23,0.64,39.07,,273.59,0.009,,,,1.88,Success
GURN.SW,Gurit Holding AG,CHF,12/31/24,Specialty Chemicals,Basic Materials,Switzerland,30.56,,,,LEAD_PERF,0,14.5,10.96,51274804,,1.14,-47.31,382881984,-96081000,5.77,18.86,-149.2,6.29,-25.09,10.27,-20.54,1.485,201.93,1.65,-1622000,-6.12,Success
HBLN.SW,Hypothekarbank Lenzburg AG,CHF,12/31/24,Mortgage Finance,Financial Services,Switzerland,,,,,,,3920.59,3980,285939136,15.19,0.49,-0.99,124427000,18801000,6.12,0,3.35,0.25,15.11,,262.1,0.053,,,,0.62,Success
HIAG.SW,HIAG Immobilien Holding AG,CHF,12/31/24,Real Estate - Diversified,Real Estate,Switzerland,16.81,,,,LAG_PERF,0,82.44,109.6,1108468992,13.24,0.97,33.98,113464000,83607000,59.42,75.89,7.53,1.87,73.69,54.78,8.28,0.354,72.61,1.77,41894000,12.03,Success
HLEE.SW,Highlight Event and Entertainment AG,CHF,12/31/24,Entertainment,Communication Services,Switzerland,,,,,,,6,7.25,93852408,,1.88,16.94,500001984,-26573000,-16,22.34,-29.09,-2.02,-5.32,-2.19,-2.05,-0.313,190.34,0.24,74501000,-4.09,Success
HT5.SW,HT5 AG,CHF,12/31/24,Packaged Foods,Consumer Defensive,Switzerland,,,,,,,0.45,1.41,3030761,,-0.03,152.17,95447000,-37319000,-57.83,31.86,-249.44,-4.04,-39.1,5.39,-17.36,0.737,,18.45,4449000,-21.65,Success
REHN.SW,Romande Energie Holding SA,CHF,12/31/24,Utilities - Renewable,Utilities,Switzerland,49.05,,,,LEAD_PERF,0,45.2,41.8,1072499200,,0.51,-12.5,794865984,-2264000,5.57,47.91,-0.03,0.56,-0.29,14.7,-0.08,0.06,16.17,2.29,172952000,-10.33,Success
HUBN.SW,Huber+Suhner AG,CHF,12/31/24,Communication Equipment,Technology,Switzerland,12.07,,,,LAG_PERF,0,73.59,143.8,2653593344,36.13,4.16,68.93,909206016,73170000,10.09,36.1,11.75,6.78,8.05,13.48,3.98,0.68,,3.15,115764000,5.03,Success
INRN.SW,Interroll Holding AG,CHF,12/31/24,Specialty Industrial Machinery,Industrials,Switzerland,25.19,,,,AVG_PERF,0,2090.76,2365,1960838016,32.83,4.31,0,527384000,59797000,11.13,63.48,13.38,8.08,11.34,17.64,72.03,1.026,1.92,4.17,97609000,-5.25,Success
ISN.SW,Intershop Holding AG,CHF,12/31/24,Real Estate Services,Real Estate,Switzerland,15.95,,,,LAG_PERF,0,124.36,157.2,1448990976,6.02,1.37,27.49,114909000,240666000,74.12,91.94,24.95,3.39,209.44,79.37,26.11,0.326,56.88,0.36,28312000,-36.91,Success
JFN.SW,Jungfraubahn Holding AG,CHF,12/31/24,Railroads,Industrials,Switzerland,29.02,,,,AVG_PERF,0,174.68,225,1277349760,16.28,1.76,30.17,302728992,78498000,31.05,66.27,11.25,6.72,25.93,45.18,13.82,0.749,16.79,2.58,71793000,6.14,Success
KUD.SW,Kudelski SA,CHF,12/31/24,Software - Application,Technology,Switzerland,,,,,,,1.27,1.31,128130064,,0.24,-6.62,371103008,-149958000,-14.36,80.22,-50.46,-1.76,-0.65,-7.77,-2.14,0.299,22.55,1.25,-88367000,-6.79,Success
LEHN.SW,LEM Holding SA,CHF,12/31/24,Electronic Components,Technology,Switzerland,13.32,,,,LAG_PERF,0,805,491,558980928,66.89,4.44,-59.82,301692000,5603000,5.92,41.62,,,1.86,13.17,7.34,0.732,113.63,,,-24.36,Success
LEON.SW,Leonteq AG,CHF,12/31/24,Asset Management,Financial Services,Switzerland,13.82,,,,LAG_PERF,0,16.67,15.3,270077248,,0.38,-41.76,227956992,-619000,13.51,100,-0.08,-0.01,-0.27,,-0.03,0.65,1306.85,0.9,-39835000,0.25,Success
MBTN.SW,Meyer Burger Technology AG,CHF,12/31/24,Solar,Technology,Switzerland,25.22,,,,AVG_PERF,0,2.28,0.0626,1980570,,0.02,-95.17,86858000,-544475008,-388.5,-103.15,-233.84,-27.2,0,-282.48,-22.56,0.109,655.49,1.59,-169798000,-8.27,Success
PEHN.SW,Private Equity Holding AG,CHF,12/31/24,Asset Management,Financial Services,Switzerland,,,,,,,75.89,59,144493648,16.12,0.36,-14.99,12815000,9678000,95.1,100,2.44,1.64,75.52,,3.66,0.274,3.65,0.02,-1056000,-47.55,Success
STMN.SW,Straumann Holding AG,CHF,12/31/24,Medical Instruments & Supplies,Healthcare,Switzerland,19.7,3.39,10.49,5.81,LAG_PERF,0,115.63,86.6,13808443392,32.19,6.71,-32.6,2578866944,427968992,26.34,71.34,21.3,11.4,15.29,28.52,2.69,1.326,19.95,1.64,500124000,9.98,Success
TEMN.SW,Temenos AG,CHF,12/31/24,Software - Application,Technology,Switzerland,9.89,2.17,6.65,1.07,LAG_PERF,2,,60.65,4183888384,18,7.84,1.83,1083507968,301592000,27.43,73.27,48.96,6.64,27.83,24.86,3.37,0.836,166.33,0.53,348572992,4.39,Success
MOZN.SW,mobilezone holding ag,CHF,12/31/24,Specialty Retail,Consumer Cyclical,Switzerland,15.76,,,,LAG_PERF,0,9.75,11.74,506683744,32.61,-19.15,-14.6,958308992,15557000,5.55,19.5,,7.36,1.62,4.9,0.36,0.505,,1.39,80634000,-0.4,Success
LLBN.SW,Liechtensteinische Landesbank Aktiengesellschaft,CHF,12/31/24,Banks - Regional,Financial Services,Liechtenstein,28.14,,,,AVG_PERF,0,69.6,75.6,2296068352,13.77,1.01,6.85,595580992,167920992,36.36,0,7.55,0.63,28.19,,5.49,0.179,,,-419647008,2.69,Success
LUKN.SW,Luzerner Kantonalbank AG,CHF,12/31/24,Banks - Regional,Financial Services,Switzerland,29.18,,,,AVG_PERF,0,65.32,79.7,3930790656,13.44,0.97,22.81,677510976,292630016,50.53,0,7.33,0.5,43.19,,5.93,0.197,,,,12.5,Success
MCHN.SW,MCH Group AG,CHF,12/31/24,Advertising Agencies,Communication Services,Switzerland,,,,,,,4.18,3.43,106041880,22.87,1.08,-19.48,401567008,4526000,4.39,52.57,2.88,2.59,1.13,8.84,0.15,0.489,126.04,1.46,22896000,12.09,Success
METN.SW,Metall Zug AG,CHF,12/31/24,Conglomerates,Industrials,Switzerland,25.71,,,,AVG_PERF,1,1050.09,770,345167904,7.52,0.83,-35,196468992,-12771000,-7.89,32.57,-2.94,-1.34,-6.5,-3.13,102.34,0.798,27.2,0.77,-9259000,-42.71,Success
MIKN.SW,Mikron Holding AG,CHF,12/31/24,Specialty Industrial Machinery,Industrials,Switzerland,,,,,,,13.74,20.65,344089184,10.81,1.49,28.53,375228000,31554000,11.27,67.34,14.2,6.33,8.41,12.7,1.91,0.733,1.2,1.83,50944000,1.03,Success
NWRN.SW,Newron Pharmaceuticals S.p.A.,CHF,12/31/24,Biotechnology,Healthcare,Italy,,,,,,,8.73,13.62,271868736,10.81,172.41,56.79,59881000,25327000,11.3,100,,50.97,42.3,58.81,1.26,0.75,3322.76,1.51,24567000,467.41,Success
OFN.SW,Orell Füssli AG,CHF,12/31/24,Specialty Business Services,Industrials,Switzerland,,,,,,,73.71,115.5,226380000,11.8,1.85,49.35,265508992,19191000,8.51,56.57,17.78,9.84,7.23,14.79,9.79,0.178,,2.42,26564000,8.75,Success
ORON.SW,ORIOR AG,CHF,12/31/24,Packaged Foods,Consumer Defensive,Switzerland,28.49,,,,AVG_PERF,0,39.05,12.52,81785704,,2.56,-73.11,632958016,-40186000,1.34,45.07,-70.96,-1.79,-6.35,2.22,-6.15,0.578,582.83,1.02,-2661000,-0.16,Success
PEAN.SW,Peach Property Group AG,CHF,12/31/24,Real Estate Services,Real Estate,Switzerland,16.21,5.23,3.75,7.23,LAG_PERF,0,7.97,6.26,347648640,,0.34,-29.85,143354000,-188495008,31.32,57.61,-20.12,1.3,-128.57,34.89,-5,1.051,119.87,0.22,-23592000,7.31,Success
PEDU.SW,Perrot Duval Holding S.A.,CHF,12/31/24,N/A,N/A,N/A,,,,,,,60,50,5981600,,0.64,,,,,,,,,,,,,,,-23.81,Success
PLAN.SW,Plazza AG,CHF,12/31/24,Real Estate - Diversified,Real Estate,Switzerland,,,,,,,333.5,399,825929984,15.99,1.1,21.34,37981000,55522000,79.86,93.03,7.56,1.66,146.18,80.86,24.95,0.127,41.28,0.08,19951000,15.55,Success
PMN.SW,Phoenix Mecano AG,CHF,12/31/24,Specialty Industrial Machinery,Industrials,Switzerland,37.95,14.76,13.49,9.7,LEAD_PERF,0,401.14,447,413871488,14.41,1.68,4.12,766542016,31254000,5.65,50.94,12.32,6.04,4.08,10.16,31.03,0.399,53.13,1.51,56529000,-0.61,Success
CURN.SW,Curatis Holding AG,CHF,12/31/24,Drug Manufacturers - Specialty & Generic,Healthcare,Switzerland,,,,,,,13,12.25,61128480,,,48.81,,,0,0,,,0,,-0.84,,,,,,Success
SANN.SW,Santhera Pharmaceuticals Holding AG,CHF,12/31/24,Biotechnology,Healthcare,Switzerland,,,,,,,14.08,10.2,132310888,,-51.52,14.25,49016000,-65543000,-147.6,13.41,-288.14,-26.6,-133.72,-93.09,-5.38,-0.464,,1.02,-40842000,-62.17,Success
SFPN.SW,SF Urban Properties AG,CHF,12/31/24,Real Estate Services,Real Estate,Switzerland,,,,,,,93.67,98.2,573629952,10.69,0.86,5.82,59926000,30790000,44.34,56.75,8.47,2.02,51.38,46.72,9.19,0.254,111.22,0.73,-5143000,-0.11,Success
SFZN.SW,Siegfried Holding AG,CHF,12/31/24,Drug Manufacturers - Specialty & Generic,Healthcare,Switzerland,16.53,4.7,6.11,5.71,LAG_PERF,0,98.98,77.5,3392040960,22.02,3.32,-32.71,1294185984,154096000,14.52,25.69,15.96,6.49,11.91,21.62,3.52,0.711,45.5,2.91,199428000,1.82,Success
SGKN.SW,St. Galler Kantonalbank AG,CHF,12/31/24,Banks - Regional,Financial Services,Switzerland,24.28,,,,AVG_PERF,0,434.86,505,3020009984,13.21,1,16.09,575398976,228744992,45.31,0,7.75,0.49,39.75,,38.23,0.169,,,,-0.47,Success
SHLTN.SW,SHL Telemedicine Ltd.,CHF,12/31/24,Health Information Services,Healthcare,Israel,,,,,,,2.69,1.245,20407270,,0.54,-49.39,56829000,-28443000,-12.53,45.25,-52.1,-5.73,-50.05,-11.01,-1.39,0.21,37.79,0.87,-2283000,-0.52,Success
SNBN.SW,Schweizerische Nationalbank,CHF,12/31/24,Banks - Regional,Financial Services,Switzerland,,,,,,,3533.91,3880,388000000,0.04,0,6.89,9058199552,8622699520,100.46,0,7.06,1.03,95.19,,86227.18,0.3,,,,3028.01,Success
SQN.SW,Swissquote Group Holding SA,CHF,12/31/24,Capital Markets,Financial Services,Switzerland,18.91,0.18,9.99,8.75,LAG_PERF,1,354.77,473,7066650112,23.21,5.91,60.05,729620032,307814880,49.55,54.6,28.11,2.4,42.19,,20.38,1.261,24.25,0.78,2210906880,25.14,Success
STGN.SW,StarragTornos Group AG,CHF,12/31/24,Specialty Industrial Machinery,Industrials,Switzerland,,,,,,,37.94,30.5,166625184,,0.53,-27.12,494056000,11850000,2.71,56.88,3.75,1.82,2.4,5.38,-0.69,0.376,19.29,2.17,7720000,20.8,Success
STRN.SW,Schlatter Industries AG,CHF,12/31/24,Specialty Industrial Machinery,Industrials,Switzerland,,,,,,,20.76,20.6,22756902,,0.68,-14.17,103419000,-713000,0.61,49.94,-2.16,0.81,-0.69,2.36,-0.65,0.215,13.73,1.71,744000,-11.95,Success
SWTQ.SW,Schweiter Technologies AG,CHF,12/31/24,Building Products & Equipment,Industrials,Switzerland,28.93,,,,AVG_PERF,0,398.95,260.5,372985984,63.38,0.55,-33.75,977200000,5900000,4.4,47.93,0.76,1.14,0.6,5.72,4.11,1.138,15,2.17,69000000,-5.45,Success
TXGN.SW,TX Group AG,CHF,12/31/24,Publishing,Communication Services,Switzerland,13.13,0.34,4.82,7.97,LAG_PERF,0,174.7,197.4,2091650176,,0.91,34.64,907100032,-21100000,-0.96,37.65,0.43,-0.38,-2.33,6.48,-2.01,0.556,9.28,1.27,265700000,-4.12,Success
TIBN.SW,Bergbahnen Engelberg-Trübsee-Titlis AG,CHF,12/31/24,Leisure,Consumer Cyclical,Switzerland,,,,,,,38.86,44,147840000,17.67,0.91,9.73,73994000,15040000,-14.94,34.4,9.68,1.8,20.33,26.95,2.49,0.609,17.2,1.49,20585000,5.62,Success
TKBP.SW,Thurgauer Kantonalbank,CHF,12/31/24,Banks - Regional,Financial Services,Switzerland,22.71,,,,AVG_PERF,0,126.64,157,628000000,20.23,1.1,28.46,418607008,157420992,41.7,0,5.64,0.46,37.61,,7.76,0.01,,,,-1.53,Success
RLF.SW,Relief Therapeutics Holding SA,CHF,12/31/24,Biotechnology,Healthcare,Switzerland,,,,,,,3.91,2.63,33074668,,1.01,-48.11,4054000,-17040000,-373.48,60.24,-41.61,-8.48,0,-167.44,-1.36,-0.347,5.82,4.05,-3510000,39.52,Success
UBXN.SW,u-blox Holding AG,CHF,12/31/24,Communication Equipment,Technology,Switzerland,24.06,,,,AVG_PERF,0,73.7,134.6,1020435072,,3.51,67.41,292478016,-80691000,-9.61,48.94,-24,-8.96,-37.4,-21.03,-10.93,0.81,8.88,3.34,6517000,-54.43,Success
VAHN.SW,Vaudoise Assurances Holding SA,CHF,12/31/24,Insurance - Diversified,Financial Services,Switzerland,25.08,,,,AVG_PERF,0,478.63,617,1786307584,11.96,0.72,32.77,1500002048,149920000,12.11,15.53,6.02,1.19,9.99,12.82,51.6,0.362,7.94,8.12,64570000,6.76,Success
VBSN.SW,IVF Hartmann Holding AG,CHF,12/31/24,Medical Instruments & Supplies,Healthcare,Switzerland,,,,,,,145.07,137,328800000,17.3,2.26,-2.48,159687008,19019000,12.27,55.77,13.27,7.75,11.91,15.97,7.92,0.313,0.43,4.55,17867000,7.33,Success
VETN.SW,Vetropack Holding AG,CHF,12/31/24,Packaging & Containers,Consumer Cyclical,Switzerland,22.18,15.43,0.74,6.01,AVG_PERF,0,22.92,23.25,460908000,32.75,0.62,-23.49,816800000,14100000,5.48,62.02,1.87,2.15,1.73,14.96,0.71,0.941,34.18,1.77,97900000,-6.31,Success
VILN.SW,Villars Holding S.A.,CHF,12/31/24,Grocery Stores,Consumer Defensive,Switzerland,,,,,,,582.45,600,62640000,24.15,0.58,1.69,69108000,2474000,5.51,42.01,2.68,1.98,3.58,10.84,24.84,0.182,40.04,3.39,4041000,-2.45,Success
VPBN.SW,VP Bank AG,CHF,12/31/24,Banks - Diversified,Financial Services,Liechtenstein,28.06,,,,AVG_PERF,0,76.43,80,499402240,13.96,0.44,14.12,343064000,35753000,18.5,0,3.2,0.31,10.42,,5.73,0.335,,,76235000,-9.13,Success
VZN.SW,VZ Holding AG,CHF,12/31/24,Asset Management,Financial Services,Switzerland,25.56,,,,AVG_PERF,0,148.93,150.8,5946652160,26.27,5.64,7.8,605134976,227450000,44.62,65.72,22.62,2.37,37.59,48.66,5.74,0.609,67.69,0.4,547550976,13.39,Success
WARN.SW,Warteck Invest AG,CHF,12/31/24,Real Estate Services,Real Estate,Switzerland,,,,,,,1845.72,1920,594000000,16.79,1.15,13.01,44457000,34862000,78.66,85.24,6.85,2.02,78.42,78.37,114.37,0.074,91.91,0.19,21552000,10.78,Success
BCVN.SW,Banque Cantonale Vaudoise,CHF,12/31/24,Banks - Regional,Financial Services,Switzerland,22.3,0.4,10.94,10.96,AVG_PERF,1,83.27,92.35,7933766144,18.29,2.02,2.2,1154000000,434000000,43.29,0,11.62,0.71,37.61,,5.05,0.134,,,,-0.87,Success
YPSN.SW,Ypsomed Holding AG,CHF,12/31/24,Medical Instruments & Supplies,Healthcare,Switzerland,18.68,2.37,9.47,6.85,LAG_PERF,0,342.68,311.5,4250658304,48.75,6.25,-23.36,748865984,87504000,17.03,39,13.49,6.35,11.68,23.56,6.39,1.149,39.28,0.86,148200000,36.54,Success
ZUGER.SW,Zuger Kantonalbank,CHF,12/31/24,Banks - Regional,Financial Services,Switzerland,31.93,,,,LEAD_PERF,0,8422.02,8660,2490616064,18.71,1.61,4.57,328967008,133347000,49.03,0,8.75,0.69,40.53,,462.84,-0.03,,,,2.07,Success
ZUBN.SW,Züblin Immobilien Holding AG,CHF,12/31/24,Real Estate Services,Real Estate,Switzerland,,,,,,,35.4,45.4,150530384,17.33,1.06,51.68,9431000,8685000,73.67,95.98,6.24,1.75,92.09,69.69,2.62,0.068,45.04,0.25,6728000,4.34,Success
ZUGN.SW,Zug Estates Holding AG,CHF,12/31/24,Real Estate - Diversified,Real Estate,Switzerland,19.52,,,,LAG_PERF,0,1994.34,2100,1071000000,11.33,1,13.37,90424000,94509000,61.8,88.9,9.14,1.83,104.52,63.67,185.29,0.413,62.62,0.12,47072000,4.72,Success
ZWM.SW,Zwahlen & Mayr SA,CHF,12/31/24,N/A,N/A,N/A,,,,,,,125,146,10249200,,0.32,,,,,,,,,,,,,,,-24.34,Success
GLKBN.SW,Glarner Kantonalbank,CHF,12/31/24,Banks - Regional,Financial Services,Switzerland,27.69,,,,AVG_PERF,0,20.93,20.9,282149984,13.84,0.65,-3.67,95047000,21617000,25.61,0,5.04,0.24,22.74,,1.51,,,,,-3.16,Success
WIHN.SW,WISeKey International Holding AG,CHF,12/31/24,Semiconductors,Technology,Switzerland,,,,,,,14.45,12.72,71548960,,1.69,291.42,11994000,-8426000,-516.04,46.28,-53.6,-24.62,-70.25,-332.76,-0.93,0.532,3.93,6.05,-24844000,-61.59,Success
VACN.SW,VAT Group AG,CHF,12/31/24,Specialty Industrial Machinery,Industrials,Switzerland,24.78,10.58,9.53,4.66,AVG_PERF,0,332.09,332.4,9964018688,44.62,14.36,-7.43,1050556992,223370000,24.72,63.69,33.02,13.11,21.26,29.89,7.45,1.293,59.07,1.49,268756000,6.43,Success
IREN.SW,Investis Holding SA,CHF,12/31/24,Real Estate Services,Real Estate,Switzerland,26.72,,,,AVG_PERF,0,108.22,130,1659843968,9.03,1.2,19.72,74981000,183740992,62.83,73.1,14.02,1.49,245.05,62.66,14.39,0.138,46.14,0.08,52086000,-34.04,Success
GIVN.SW,Givaudan SA,CHF,12/31/24,Specialty Chemicals,Basic Materials,Switzerland,15.41,7.71,4.15,3.56,LAG_PERF,2,3870.5,3525,32532920320,29.91,7.92,-18.49,7538999808,1094000000,19.57,44.13,25.99,7.6,14.51,22.4,117.85,0.546,116.46,1.38,1446000000,7.19,Success
PKTM.SW,PIERER Mobility AG,CHF,12/31/24,Auto Manufacturers,Consumer Cyclical,Austria,8.88,,,,LAG_PERF,0,15.42,11.74,404861696,,0.75,-38.32,1297320960,-77165000,-60.37,-10.13,-26.87,-17.08,-5.95,-30.28,-2.12,0.857,172.46,3.16,-84062000,-29.39,Success
VARN.SW,Varia US Properties AG,CHF,12/31/24,Real Estate Services,Real Estate,Switzerland,,,,,,,29.36,20.1,203532960,,0.59,-39.46,122918392,-19979916,35.73,51.31,-5.43,2.28,-16.25,,-0.54,0.311,220.03,0.67,46063612,-12.45,Success
GALE.SW,Galenica AG,CHF,12/31/24,Medical Distribution,Healthcare,Switzerland,12.32,2.12,5.79,4.4,LAG_PERF,0,75.52,88.35,4402216960,22.89,3.05,17.52,4028026112,192395008,5.28,11.98,13.52,4.34,4.78,6.27,3.86,0.31,57.89,1.29,329812000,4.67,Success
IDIA.SW,Idorsia Ltd,CHF,12/31/24,Biotechnology,Healthcare,Switzerland,22.86,,,,AVG_PERF,0,0.79,3.985,813484096,,-0.71,236.74,217224000,-133300000,-3.1,26.22,,-18.52,-61.37,-70.89,-0.75,1.541,,0.72,-250652000,-26.17,Success
DOCM.SW,DocMorris AG,CHF,12/31/24,Pharmaceutical Retailers,Healthcare,Switzerland,23.2,,,,AVG_PERF,0,19.48,6.2,298215296,,0.6,-79.06,1062236992,-120874000,-9.81,21.68,-27.47,-7.7,-11.38,-9.2,-4.58,1.489,64.65,3.25,-70516000,4.91,Success
LAND.SW,Landis+Gyr Group AG,CHF,12/31/24,Electrical Equipment & Parts,Industrials,Switzerland,12.72,,,,LAG_PERF,0,59.17,62.4,1798343552,,1.37,-12.87,1729319040,-85787000,4.91,29.49,-5.91,2.19,-8.7,9.1,-2.38,1.08,33.35,1.58,78891000,-11.05,Success
ASWN.SW,Asmallworld AG,CHF,12/31/24,Travel Services,Consumer Cyclical,Switzerland,,,,,,,1.38,0.88,12726082,,3.17,-39.29,17909400,-54600,0.38,19.15,-1.35,1.3,-0.31,2.2,-0.01,1.3,69.64,1.13,-183300,-1.75,Success
SENS.SW,Sensirion Holding AG,CHF,12/31/24,Scientific & Technical Instruments,Technology,Switzerland,26.17,,,,AVG_PERF,0,61.6,58.3,908293248,51.59,3.04,-10.06,333076000,17563000,14.23,51.15,6,6.97,5.27,16.61,1.13,0.919,,4.11,58368000,18.58,Success
MED.SW,Medartis Holding AG,CHF,12/31/24,Medical Devices,Healthcare,Switzerland,27.32,,,,AVG_PERF,0,61,79.4,986019776,,3.77,34,236344000,-487000,6.75,79.11,-0.14,2.47,-0.21,14.11,-0.05,1.101,47.43,5.31,31359000,6.05,Success
KLIN.SW,Klingelnberg AG,CHF,12/31/24,Specialty Industrial Machinery,Industrials,Switzerland,,,,,,,13.22,10.3,91052000,9.81,0.64,-31.1,309068992,9985000,8.43,57.4,7.03,3.34,3.23,6.71,1.05,1.163,29.03,1.8,18970000,1.84,Success
SIGN.SW,SIG Group AG,CHF,12/31/24,Packaging & Containers,Consumer Cyclical,Switzerland,10.84,9.06,0.64,1.13,LAG_PERF,1,17.34,8.505,3250880768,17.36,1.16,-54.59,3333799936,200600000,11.69,24.61,6.93,3.4,6.02,22.56,0.49,0.753,96.12,0.87,559100032,3.04,Success
FREN.SW,Fundamenta Real Estate AG,CHF,12/31/24,Real Estate Services,Real Estate,Switzerland,,,,,,,16.43,17.7,532112160,11.35,1.02,10.25,42137000,47143000,71.23,86.04,9.27,1.53,111.88,,1.56,0.161,122.89,0.29,18609000,2.04,Success
MOVE.SW,Medacta Group SA,CHF,12/31/24,Medical Devices,Healthcare,Switzerland,29.11,,,,AVG_PERF,0,113.04,146.6,2923865856,33.09,6.89,24.33,646070976,94933000,17.61,67.61,24.7,8.48,14.69,25.02,4.43,1.083,60.02,2.39,138252000,15.62,Success
ALC.SW,Alcon Inc.,CHF,12/31/24,Medical Instruments & Supplies,Healthcare,Switzerland,16.54,3.25,8.91,4.38,LAG_PERF,1,76.11,59.44,29387134976,34.36,1.33,-26.88,10024999936,1073000000,11.17,55.56,4.98,2.64,10.7,23.36,1.73,0.693,23.77,2.6,2095000064,4.82,Success
SRAIL.SW,Stadler Rail AG,CHF,12/31/24,Railroads,Industrials,Switzerland,29.66,,,,AVG_PERF,1,20.11,19.48,1947978240,62.84,2.7,-23.22,3364401920,31542000,2.63,11.29,7.62,1.26,0.94,5.53,0.31,0.646,120.47,1.03,-4372000,-9.78,Success
SWON.SW,SoftwareOne Holding AG,CHF,12/31/24,Software - Application,Technology,Switzerland,17.89,,,,LAG_PERF,0,5.88,7.835,1681971328,,2.34,-39.53,972796032,-19612000,9.21,31.21,-3.41,0.54,-2.02,5.34,-0.13,1.354,5.96,0.95,417048992,0.41,Success
NREN.SW,Novavest Real Estate AG,CHF,12/31/24,Real Estate - Diversified,Real Estate,Switzerland,,,,,,,33.92,38.1,387511840,12.49,0.91,14.2,42931560,30084752,66.8,84.17,7.21,1.74,70.08,116.37,3.05,0.045,124.26,0.1,14092132,20.9,Success
"VZUG.SW,V-ZUG Holding AG,CHF,12/31/24,""Furnishings, Fixtures & Appliances"",Consumer Cyclical,Switzerland,,,,,,,50.24,46.3,297642848,20.86,0.61,-15.09,578812992,14264000,1.12,35.59,2.99,1.97,2.46,8.89,2.22,0.683,,1.73,46447000,1.07,Success"
PPGN.SW,PolyPeptide Group AG,CHF,12/31/24,Drug Manufacturers - Specialty & Generic,Healthcare,Switzerland,25.71,,,,AVG_PERF,1,28.6,23.25,767051200,,2.32,-19.33,368844992,-34717000,-8.21,11.26,-10.05,-0.62,-9.41,5.38,-0.97,1.114,33.63,1.62,138584000,4.29,Success
AERO.SW,Montana Aerospace AG,CHF,12/31/24,Aerospace & Defense,Industrials,Switzerland,28.93,,,,AVG_PERF,0,14.86,25.05,1561225472,73.68,1.68,60.17,1648445952,23495000,6.69,41.41,2.55,3.68,3.62,11.95,0.34,2.164,30.74,1.99,160923008,17.58,Success
CHAM.SW,Cham Swiss Properties AG,CHF,12/31/24,Real Estate - Development,Real Estate,Switzerland,,,,,,,21.21,23.4,1111003008,,1.09,17.97,13428000,225575008,-830.36,0,,,1679.89,-518.75,-0.12,,46.26,0.11,29889000,9.43,Success
MEDX.SW,medmix AG,CHF,12/31/24,Specialty Industrial Machinery,Industrials,Switzerland,,,,,,,9.74,9.1,371456416,,0.88,-8.83,468100000,-5800000,7.41,34.52,-1.13,1.38,-1.24,13.63,-0.14,0.913,74.47,1.57,88400000,-0.55,Success
SKAN.SW,SKAN Group AG,CHF,12/31/24,Medical Instruments & Supplies,Healthcare,Switzerland,29.43,,,,AVG_PERF,0,76.95,52.3,1175888256,72.64,6.64,-34.49,332134016,16176000,-3.65,72.71,9.85,4.15,4.87,10.26,0.72,1.075,5.46,1.15,68582000,12.9,Success
XLS.SW,Xlife Sciences AG,CHF,12/31/24,Biotechnology,Healthcare,Switzerland,,,,,,,26,20.4,117658464,5,0.39,-23.72,839380,30753120,-2661.64,62.17,6.62,-2.33,3663.79,-412.36,4.08,0.271,15.08,1.08,-227177,-15.54,Success
EPIC.SW,EPIC Suisse AG,CHF,12/31/24,Real Estate Services,Real Estate,Switzerland,,,,,,,76.12,83,857396288,15.75,1.05,14.64,68470000,54403000,78.1,89.9,6.75,2.03,79.45,78.63,5.27,0.061,86.94,0.21,50650000,1.28,Success
ACLN.SW,Accelleron Industries AG,CHF,12/31/24,Specialty Industrial Machinery,Industrials,Switzerland,28.29,11.67,11.62,5,AVG_PERF,0,44.81,62.25,5845351936,37.28,17.01,35.42,1125026048,195111008,25.42,44.91,63.08,13.18,17.34,27.82,1.67,0.232,161.2,2.2,279529984,11.77,Success
SDZ.SW,Sandoz Group AG,CHF,12/31/24,Drug Manufacturers - Specialty & Generic,Healthcare,Switzerland,22.34,4.66,13.31,4.36,AVG_PERF,2,38.38,48,20673679360,114.29,2.35,32.39,10586999808,227000000,11.43,46.82,2.64,1.76,2.14,9.66,0.42,0.289,64.54,1.29,950000000,4.06,Success
GALD.SW,N/A,CHF,12/31/24,Drug Manufacturers - Specialty & Generic,Healthcare,Switzerland,19.8,3.84,11.03,4.92,LAG_PERF,1,106.76,135.6,31842115584,105.94,4.15,75.62,4689999872,378000000,15.86,69.21,4.92,3.65,8.06,20.98,1.28,,36.84,1.09,951000000,7.85,Success
SUNN.SW,SUNRISE N,CHF,12/31/24,N/A,N/A,N/A,,,,,,,40.22,46.14,3332461568,,0.82,641.7,,,,,,,,,,,,,,-0.57,Success
BIOV.SW,BIOVERSYS N,CHF,12/31/24,N/A,N/A,N/A,,,,,,,,25.1,146533456,,2.1,-2805.56,,,,,,,,,,,,,,,Success
AMRZ.SW,N/A,CHF,12/31/24,Building Materials,Basic Materials,Switzerland,,,,,,,,37.57,20779292672,19.47,1.67,-15.15,11596000256,1186000000,22.42,25.93,,,10.23,24.92,1.93,,57.69,1.38,1900000000,0.23,Success